{
    "timestamp": "2026-03-08T16:12:17.793364",
    "target_mesh": "/Users/songyeongman/3dgs/2Dto3D_with_m0609/structured_mesh.obj",
    "grasp_points": [
        {
            "score": 100.0,
            "position": {
                "x": 0.31311,
                "y": 1.34189,
                "z": -0.18868
            },
            "approach_vector": {
                "nx": -0.72934,
                "ny": -0.43012,
                "nz": -0.53204
            },
            "rank": 1
        },
        {
            "score": 100.0,
            "position": {
                "x": 0.44331,
                "y": 0.38686,
                "z": -0.36178
            },
            "approach_vector": {
                "nx": -0.08122,
                "ny": -0.79632,
                "nz": -0.5994
            },
            "rank": 2
        },
        {
            "score": 100.0,
            "position": {
                "x": 0.59154,
                "y": 0.83751,
                "z": -0.33552
            },
            "approach_vector": {
                "nx": 0.2287,
                "ny": -0.57539,
                "nz": 0.78525
            },
            "rank": 3
        }
    ]
}